is_vpn,is_tor,is_new_device,hour_of_day,amount,failed_logins,is_fraud
0,0,0,14,228.46,0,0
0,0,0,0,4864.59,5,1
1,0,0,17,267.13,1,0
1,0,1,23,1547.47,7,1
0,0,0,10,431.37,0,0
1,0,0,4,1870.76,6,1
0,0,0,15,26.85,1,0
0,0,0,13,277.89,1,0
0,0,1,23,3772.72,7,1
1,0,1,1,4229.32,3,1
0,0,0,20,46.53,0,0
0,0,1,10,356.36,0,0
0,0,0,19,432.92,1,0
0,0,0,12,367.51,1,0
0,0,0,10,382.78,1,0
0,0,0,17,22.46,0,0
0,0,0,11,454.71,0,0
0,0,0,14,151.98,1,0
0,0,1,19,403.8,1,0
0,0,1,16,165.82,0,0
0,1,0,10,13.41,1,0
0,0,0,15,472.03,1,0
0,0,1,17,481.6,1,0
0,0,0,18,308.69,1,0
1,0,0,21,81.0,1,0
0,0,1,15,126.44,0,0
0,0,0,8,83.85,0,0
1,0,1,0,2804.42,4,1
0,0,0,14,469.0,0,0
0,0,0,17,136.39,1,0
0,0,1,23,4844.39,6,1
0,0,0,10,429.6,1,0
0,0,0,13,337.8,1,0
1,0,1,0,2969.3,7,1
0,0,1,21,169.45,1,0
0,0,0,19,259.32,1,0
0,0,0,13,453.99,0,0
0,0,0,12,122.79,1,0
1,0,0,19,240.27,1,0
0,0,0,8,280.85,0,0
0,0,0,14,141.55,0,0
1,0,1,2,937.29,7,1
0,0,0,15,351.54,0,0
0,0,0,9,434.87,0,0
1,0,1,0,2285.53,7,1
0,0,1,14,339.29,0,0
0,0,0,13,132.62,1,0
0,0,0,12,143.06,1,0
0,0,0,10,322.34,1,0
0,0,1,1,2450.84,3,1
1,0,0,3,2340.29,3,1
0,0,1,16,333.5,0,0
0,0,0,20,215.6,1,0
0,0,0,19,32.54,0,0
0,0,1,17,250.89,0,0
0,0,1,13,321.2,1,0
1,0,0,15,332.76,1,0
0,0,0,18,402.47,1,0
0,0,0,12,316.71,0,0
0,0,1,21,18.93,0,0
0,0,0,17,21.4,1,0
0,0,0,18,439.96,1,0
0,0,0,15,405.35,0,0
0,0,0,14,466.07,0,0
0,0,0,21,452.25,1,0
0,0,1,11,15.31,0,0
0,0,0,11,290.98,0,0
1,0,1,1,4757.88,2,1
0,0,0,0,3816.66,6,1
0,0,0,19,434.77,1,0
1,1,0,3,866.07,6,1
0,0,0,8,474.15,0,0
0,0,0,19,283.62,0,0
0,0,0,9,239.64,1,0
0,0,0,10,295.85,1,0
0,0,0,12,481.98,1,0
0,0,1,12,496.55,0,0
0,0,0,8,350.92,0,0
0,0,0,18,147.67,1,0
1,1,1,0,3410.82,3,1
0,0,0,18,352.1,0,0
0,0,0,20,456.35,0,0
0,0,0,17,467.04,1,0
0,0,0,9,493.77,0,0
0,0,0,8,420.78,1,0
1,1,1,3,2904.56,6,1
0,0,0,17,195.15,0,0
0,0,0,21,440.33,1,0
0,0,0,9,243.34,0,0
0,0,0,21,397.99,0,0
1,0,1,3,1458.34,7,1
0,0,0,18,54.59,1,0
0,0,0,14,266.57,0,0
0,0,0,19,42.46,0,0
0,0,0,18,47.17,0,0
0,0,0,11,99.12,1,0
0,0,0,20,104.22,0,0
0,0,1,13,69.11,0,0
0,0,0,18,29.26,0,0
0,0,0,20,11.27,1,0
0,0,0,15,247.42,1,0
0,0,1,18,133.69,0,0
0,0,1,9,229.23,0,0
0,0,0,14,167.82,0,0
1,1,1,2,2097.97,2,1
0,0,0,15,297.4,1,0
1,0,1,2,2102.44,6,1
0,1,0,13,130.52,1,0
0,0,1,16,49.31,0,0
1,0,0,2,4628.28,7,1
0,0,0,9,282.81,1,0
0,0,0,11,218.46,0,0
0,0,0,13,294.81,0,0
0,0,0,15,75.86,0,0
0,0,1,12,11.33,0,0
0,0,0,8,426.86,1,0
0,0,0,19,195.82,0,0
0,0,1,16,377.75,1,0
1,0,1,2,2114.74,6,1
0,0,0,10,315.81,0,0
0,0,0,14,270.61,0,0
0,0,0,14,367.97,1,0
0,0,1,4,4048.69,7,1
0,0,1,11,289.25,1,0
0,0,0,11,233.93,1,0
0,0,0,19,388.22,0,0
0,0,0,12,415.13,1,0
0,0,0,21,311.33,1,0
0,0,1,19,300.55,1,0
0,0,0,17,387.91,0,0
0,0,0,13,456.24,0,0
0,0,1,23,4414.53,4,1
0,0,0,11,396.02,1,0
0,0,0,9,238.19,0,0
0,0,0,10,131.63,0,0
0,0,0,18,319.81,1,0
0,0,0,11,213.17,1,0
0,0,0,21,377.48,0,0
0,0,0,20,241.31,1,0
0,0,0,13,225.97,1,0
0,0,0,14,473.6,1,0
0,0,0,14,86.51,1,0
0,0,0,14,339.23,0,0
0,0,0,19,126.71,1,0
0,0,0,11,472.76,1,0
0,0,1,14,370.59,0,0
1,0,1,4,4178.5,5,1
0,0,1,11,315.83,1,0
0,0,0,17,384.17,1,0
1,0,1,0,2681.5,2,1
0,0,0,13,326.08,1,0
0,0,0,18,413.07,1,0
1,1,1,3,4233.84,6,1
1,0,0,2,3202.33,2,1
0,0,0,21,264.27,1,0
0,0,1,10,130.22,0,0
0,0,0,15,287.54,1,0
0,0,0,17,25.28,1,0
0,0,0,0,3305.0,3,1
1,0,1,3,2456.72,4,1
0,0,0,9,60.52,0,0
0,1,0,2,1333.1,7,1
0,0,0,12,349.22,1,0
0,0,0,16,472.59,0,0
1,0,1,2,1907.85,6,1
0,0,0,20,242.36,1,0
1,0,1,3,2141.14,5,1
1,0,1,3,794.1,2,1
0,0,0,20,311.77,1,0
0,0,1,20,269.18,1,0
0,1,1,8,206.95,0,0
0,0,0,21,214.71,0,0
0,1,0,15,150.75,1,0
0,0,0,16,63.64,0,0
0,0,0,18,298.39,0,0
0,0,0,16,374.24,1,0
0,0,0,20,68.97,0,0
1,1,0,1,760.29,2,1
0,0,0,10,381.54,1,0
0,0,0,20,273.12,0,0
0,0,0,18,73.46,0,0
0,1,1,23,3808.46,3,1
0,0,0,17,270.98,0,0
0,0,0,15,442.62,1,0
0,0,0,18,433.6,0,0
0,0,0,18,88.6,0,0
0,0,0,13,102.72,0,0
0,0,0,17,411.77,0,0
0,0,0,20,136.76,1,0
0,0,0,9,320.66,1,0
0,0,1,16,481.87,0,0
0,0,0,11,347.06,1,0
0,0,0,13,179.48,1,0
0,0,1,2,3414.08,5,1
1,0,0,10,133.73,0,0
0,0,0,20,428.56,0,0
0,0,1,21,122.73,0,0
0,0,0,12,455.67,0,0
0,0,0,8,167.16,1,0
0,0,0,19,285.75,1,0
0,0,0,12,85.29,0,0
0,0,1,12,456.8,1,0
0,0,1,8,307.58,1,0
0,0,1,13,169.7,1,0
0,0,1,9,343.42,1,0
0,0,0,8,476.8,0,0
1,1,1,23,1141.23,7,1
0,0,1,19,45.48,0,0
1,1,1,1,1097.22,3,1
0,0,0,8,476.26,0,0
1,0,1,16,357.44,1,0
0,0,0,14,333.8,1,0
0,0,0,16,90.36,1,0
1,1,1,4,1486.46,7,1
0,0,0,10,89.22,1,0
0,0,0,10,49.95,0,0
0,0,0,19,95.35,0,0
0,0,0,19,386.18,1,0
0,0,1,3,2690.01,3,1
0,0,0,17,457.06,1,0
0,0,0,17,360.75,1,0
0,0,0,12,428.65,0,0
0,0,0,14,186.02,1,0
1,0,1,4,540.64,2,1
0,0,0,18,443.02,1,0
1,0,0,2,1619.21,4,1
0,0,0,18,370.84,0,0
0,0,0,13,110.86,0,0
0,1,1,0,3380.01,4,1
0,0,0,21,347.22,1,0
0,1,0,9,486.82,0,0
0,0,0,11,71.61,1,0
0,0,0,9,102.29,0,0
0,0,0,9,334.2,0,0
0,0,0,15,433.66,0,0
0,0,1,1,3464.98,6,1
0,0,0,13,165.87,0,0
0,0,0,16,63.46,1,0
0,0,0,9,440.17,0,0
0,0,0,16,170.91,0,0
0,0,0,16,302.28,1,0
0,0,0,21,324.86,1,0
0,0,0,13,457.98,0,0
0,0,0,19,243.58,0,0
0,0,0,20,412.97,0,0
1,0,1,23,771.2,6,1
0,0,0,12,149.59,0,0
0,0,1,21,360.91,0,0
0,0,1,19,98.9,0,0
1,0,1,23,2410.37,7,1
0,0,0,18,11.27,1,0
0,0,0,17,95.64,0,0
0,0,0,12,158.01,1,0
0,0,1,11,83.35,0,0
0,0,0,14,272.33,1,0
1,0,1,1,2259.08,6,1
1,1,1,3,2492.23,6,1
0,0,1,10,305.58,1,0
0,0,1,8,301.92,0,0
0,0,1,8,417.61,1,0
0,0,0,9,343.26,1,0
0,0,0,9,187.84,0,0
0,0,0,11,481.22,0,0
0,0,1,16,412.69,1,0
0,0,0,20,68.72,0,0
0,0,1,4,2844.31,7,1
0,0,0,19,393.19,1,0
1,1,1,1,2058.45,2,1
0,0,0,11,437.93,1,0
0,0,0,17,255.56,0,0
0,0,0,4,4126.66,5,1
0,0,0,10,179.59,1,0
0,0,0,8,462.15,1,0
0,0,1,23,4213.4,6,1
0,0,1,11,49.18,1,0
0,0,0,9,146.1,0,0
0,0,0,10,199.37,0,0
0,0,0,20,313.55,0,0
0,0,1,21,140.04,0,0
0,0,0,8,124.0,1,0
0,0,0,12,444.44,1,0
0,0,0,14,369.47,1,0
0,0,0,13,137.31,1,0
0,0,0,17,128.19,0,0
1,1,1,1,3407.41,6,1
0,0,0,11,129.3,1,0
0,0,0,12,478.55,0,0
0,0,0,19,47.44,0,0
1,0,0,18,252.77,1,0
0,0,1,15,442.41,0,0
0,0,1,16,375.64,0,0
1,1,0,3,2089.63,7,1
0,0,0,10,95.31,0,0
0,0,0,19,450.46,1,0
0,0,0,8,135.15,1,0
0,0,1,9,167.89,1,0
0,0,0,19,86.75,1,0
0,0,0,18,279.55,1,0
0,0,1,10,444.59,1,0
0,0,0,19,460.27,1,0
0,0,0,21,390.46,1,0
1,0,1,2,3775.76,3,1
1,0,1,2,4283.16,6,1
0,0,0,13,286.86,0,0
1,0,1,0,3011.19,2,1
0,0,0,17,332.2,0,0
0,0,0,16,193.88,0,0
1,0,1,8,15.41,0,0
0,0,1,14,240.46,0,0
0,0,0,15,116.43,1,0
0,0,1,13,91.77,1,0
0,0,0,21,364.47,0,0
0,0,0,9,303.69,0,0
0,0,1,13,350.75,1,0
0,0,0,20,82.25,0,0
0,0,1,19,370.47,0,0
0,0,0,11,394.97,0,0
0,0,0,17,298.01,0,0
0,0,0,21,417.53,0,0
0,0,1,10,220.53,0,0
0,0,0,12,355.95,1,0
1,0,1,3,3944.81,7,1
0,0,0,16,478.74,1,0
1,0,0,14,454.06,1,0
0,0,0,13,42.03,0,0
1,0,0,12,270.89,0,0
0,0,0,18,482.06,0,0
0,0,0,21,368.1,1,0
0,0,0,8,237.33,0,0
0,0,1,12,120.41,1,0
1,0,0,1,2317.9,4,1
1,0,1,2,2681.13,6,1
1,1,1,4,2570.73,7,1
0,0,0,10,35.46,0,0
0,0,0,11,380.81,1,0
1,0,1,1,4759.87,3,1
0,0,1,10,455.52,0,0
0,0,0,18,196.41,0,0
0,0,1,19,398.5,1,0
0,0,0,21,271.18,1,0
0,0,0,20,454.01,1,0
1,0,1,1,3796.86,4,1
0,0,0,16,403.77,1,0
0,0,1,21,320.99,1,0
0,0,1,12,284.28,0,0
0,1,1,23,2015.78,2,1
0,0,0,18,451.64,1,0
0,0,0,19,267.46,1,0
0,0,0,11,453.63,0,0
0,0,0,13,371.65,1,0
0,0,1,9,169.3,1,0
1,1,1,23,827.02,4,1
0,0,0,10,383.95,0,0
0,0,0,10,38.96,0,0
0,0,0,18,200.98,1,0
0,0,0,21,403.15,0,0
1,0,0,14,72.45,0,0
0,0,0,11,491.08,1,0
0,0,0,11,65.16,1,0
1,1,1,2,1777.23,7,1
0,0,0,11,41.6,1,0
0,0,0,14,270.35,1,0
1,0,0,9,290.94,0,0
0,0,1,0,4593.32,5,1
0,0,1,14,220.91,1,0
0,0,0,11,227.26,1,0
0,0,0,14,261.06,1,0
0,0,0,15,304.32,0,0
0,0,0,9,187.31,1,0
0,0,0,16,172.36,0,0
0,0,0,8,263.12,1,0
1,0,0,8,176.04,0,0
0,0,1,16,204.54,0,0
0,0,0,14,438.37,0,0
1,0,0,20,203.34,1,0
0,0,0,20,161.59,0,0
0,0,0,21,35.06,0,0
1,0,0,11,198.08,0,0
0,0,0,8,44.79,1,0
0,0,0,17,187.34,0,0
0,0,1,14,438.11,1,0
0,0,0,21,79.65,0,0
0,0,1,17,455.97,1,0
0,0,0,19,199.82,0,0
0,0,0,17,299.24,1,0
0,0,0,14,166.24,1,0
1,1,1,2,2802.57,5,1
0,0,0,11,176.49,1,0
0,0,1,21,302.03,0,0
0,0,0,19,284.25,0,0
0,0,1,18,270.64,0,0
1,0,0,17,203.76,1,0
0,0,0,20,191.49,1,0
0,0,0,8,53.22,0,0
0,0,0,11,490.25,0,0
0,0,0,10,184.53,1,0
0,0,0,19,125.17,0,0
0,0,1,10,83.76,1,0
0,0,0,15,169.65,1,0
0,0,1,8,358.33,1,0
0,0,0,20,234.65,1,0
0,1,0,1,4446.91,5,1
0,0,1,11,433.14,0,0
0,0,0,14,199.4,0,0
0,0,0,18,209.72,0,0
0,0,0,16,39.14,0,0
0,0,1,13,135.46,0,0
0,0,1,13,346.98,0,0
0,0,0,19,404.17,1,0
0,0,0,9,341.64,0,0
1,1,1,3,810.63,6,1
0,0,0,11,353.02,0,0
1,1,1,2,797.04,4,1
0,0,0,20,478.01,0,0
0,0,0,19,356.47,1,0
1,0,1,4,2305.88,7,1
1,1,1,4,2970.41,7,1
0,0,0,13,102.04,0,0
0,0,0,11,322.17,1,0
0,0,0,13,286.01,1,0
0,1,1,1,1102.23,3,1
0,0,1,8,260.45,1,0
0,0,0,15,11.87,0,0
0,0,0,18,142.49,0,0
0,0,0,10,455.87,1,0
0,0,1,20,199.95,0,0
0,0,0,18,336.53,0,0
0,0,0,16,61.63,0,0
0,0,0,14,255.2,0,0
0,0,0,16,35.65,0,0
1,0,0,1,4413.93,7,1
0,0,0,9,203.42,1,0
0,0,0,12,344.28,1,0
0,1,1,0,1001.8,3,1
0,0,0,13,175.3,1,0
0,0,0,13,270.16,1,0
0,0,1,17,342.0,1,0
0,0,1,19,71.52,0,0
1,0,1,2,1994.45,2,1
0,0,0,18,334.87,0,0
0,0,0,8,307.01,1,0
0,0,1,16,469.32,1,0
0,0,1,17,495.2,0,0
0,0,0,19,390.69,0,0
0,0,0,17,164.42,0,0
0,0,1,3,1669.57,2,1
0,0,0,16,348.1,1,0
1,0,1,0,4810.7,4,1
0,0,0,13,144.6,1,0
0,0,0,10,91.22,0,0
0,0,1,18,398.64,0,0
0,0,0,19,497.46,1,0
0,0,0,9,300.84,0,0
1,0,0,20,454.87,1,0
0,0,0,15,89.22,1,0
0,0,0,8,89.72,1,0
0,0,0,11,184.94,1,0
0,0,0,15,425.54,1,0
0,0,0,19,334.59,1,0
0,0,0,8,32.01,0,0
0,0,1,10,475.96,0,0
0,0,0,12,185.7,1,0
0,0,0,14,257.92,0,0
0,0,1,15,148.41,0,0
0,0,0,19,381.8,0,0
1,0,0,2,3933.99,3,1
0,0,0,10,300.96,1,0
0,0,0,12,235.4,0,0
0,0,0,15,182.78,1,0
0,0,1,2,669.07,7,1
0,0,1,13,36.77,1,0
0,0,0,10,35.43,1,0
0,0,0,12,381.94,1,0
0,0,0,21,71.42,1,0
0,0,0,12,275.81,1,0
0,0,0,18,141.82,1,0
0,0,0,11,475.11,0,0
0,0,0,16,94.32,0,0
0,0,0,18,403.72,0,0
0,0,0,18,35.43,0,0
0,0,0,8,366.26,0,0
0,0,0,11,395.24,1,0
1,0,1,21,354.81,1,0
0,0,0,13,277.75,0,0
0,0,0,15,97.84,1,0
0,0,0,16,87.06,1,0
0,0,0,15,132.73,1,0
0,0,0,11,340.27,1,0
1,0,1,2,4707.47,6,1
0,0,0,21,51.12,0,0
0,0,0,11,491.2,1,0
0,0,0,13,304.54,1,0
0,0,0,17,230.56,1,0
0,1,1,3,3670.49,2,1
0,0,0,9,246.69,1,0
0,0,1,14,47.72,0,0
0,0,0,10,315.59,0,0
0,0,0,18,341.25,0,0
0,0,0,9,434.39,0,0
1,0,1,23,530.07,7,1
0,0,0,20,295.63,0,0
0,0,0,21,102.38,1,0
0,0,0,9,55.39,0,0
0,0,0,2,2472.73,4,1
0,0,0,11,109.97,0,0
0,0,1,1,1464.83,6,1
0,0,1,1,3186.93,3,1
0,0,0,11,467.03,0,0
0,0,0,18,265.51,0,0
0,0,0,14,141.74,1,0
0,0,0,9,318.82,0,0
0,0,0,18,468.78,1,0
0,0,0,20,157.51,1,0
0,0,0,8,384.58,1,0
1,0,1,2,4039.35,5,1
0,0,0,10,404.86,0,0
0,0,0,12,373.84,1,0
0,0,0,12,170.1,1,0
0,0,0,20,202.44,0,0
0,0,0,14,420.58,0,0
0,0,0,12,211.44,1,0
0,0,0,15,432.86,0,0
0,0,1,8,212.96,1,0
0,0,1,11,68.02,1,0
0,0,0,10,174.48,1,0
0,0,0,21,437.02,0,0
0,0,0,10,277.88,0,0
0,0,0,20,175.23,1,0
0,0,0,10,110.12,0,0
0,0,0,18,242.38,0,0
0,0,0,13,364.49,1,0
0,0,0,19,173.48,0,0
0,0,0,10,16.55,1,0
0,0,0,15,439.9,1,0
1,0,1,23,2527.15,6,1
0,0,0,20,228.73,0,0
0,0,0,18,191.05,0,0
0,1,0,21,422.74,0,0
0,0,1,0,3949.32,3,1
0,0,0,11,78.76,0,0
0,0,0,19,201.47,1,0
0,0,0,11,427.77,0,0
0,0,0,13,199.24,1,0
0,0,0,19,364.93,0,0
1,0,1,4,3467.8,2,1
0,0,0,21,120.27,1,0
0,0,0,11,413.65,1,0
0,0,0,13,395.49,1,0
0,0,1,13,26.5,0,0
0,0,0,13,220.2,1,0
0,0,0,13,56.22,1,0
0,0,1,11,452.52,0,0
0,0,0,10,289.87,1,0
0,0,0,10,208.95,1,0
0,0,1,21,459.14,0,0
1,0,0,10,469.82,0,0
0,0,0,10,226.72,1,0
1,0,0,1,2171.69,5,1
0,0,0,11,431.91,1,0
0,0,0,9,187.59,1,0
0,0,0,16,325.69,0,0
0,0,0,11,212.78,1,0
0,0,0,21,39.7,1,0
0,0,0,13,345.99,1,0
0,0,0,12,418.56,1,0
0,0,0,13,354.29,0,0
0,0,0,21,332.93,0,0
0,0,0,14,150.39,0,0
1,1,1,3,3285.46,6,1
1,1,0,4,4336.46,7,1
0,0,0,17,122.39,1,0
0,1,1,2,4933.87,2,1
0,0,0,21,318.98,0,0
0,0,0,20,158.21,1,0
0,0,0,15,85.91,0,0
0,0,1,0,2653.23,3,1
0,0,0,21,438.95,0,0
0,0,1,15,188.27,1,0
0,0,0,17,163.8,0,0
1,0,0,0,2852.42,6,1
0,0,0,14,67.34,1,0
0,0,0,21,452.62,0,0
0,0,0,17,436.11,1,0
0,0,0,13,74.51,1,0
1,1,1,4,1785.68,6,1
0,0,0,10,470.06,1,0
1,0,0,0,3527.44,2,1
0,0,0,11,10.32,0,0
0,0,0,11,234.58,0,0
1,1,0,23,3244.74,4,1
0,0,0,16,354.22,0,0
0,0,0,9,204.95,1,0
0,0,1,8,260.18,1,0
0,0,1,11,146.45,0,0
0,0,1,9,115.6,1,0
1,1,1,1,1280.73,2,1
0,0,0,8,113.28,1,0
0,0,0,9,165.84,0,0
0,0,0,18,153.33,0,0
0,0,0,8,330.16,1,0
0,0,0,11,181.7,0,0
0,0,0,16,179.97,1,0
0,0,1,18,426.27,1,0
0,0,0,9,465.03,1,0
1,0,1,1,2519.5,3,1
1,1,0,3,1728.68,4,1
0,0,1,10,114.1,0,0
0,0,0,19,455.5,0,0
0,0,0,10,177.63,0,0
0,0,0,11,151.09,0,0
0,0,0,15,67.13,0,0
1,0,1,18,466.46,1,0
0,0,0,17,170.13,0,0
1,0,1,0,2126.94,4,1
0,0,0,8,352.86,0,0
0,0,0,18,376.6,1,0
0,0,0,17,221.3,0,0
1,1,1,1,4952.44,2,1
0,0,0,8,47.46,0,0
0,0,0,17,86.46,1,0
0,0,0,15,406.12,1,0
0,0,0,19,68.14,1,0
1,0,0,1,1623.97,4,1
0,0,0,20,119.75,1,0
1,0,1,0,2096.0,5,1
0,0,0,20,192.99,0,0
0,0,0,21,146.27,0,0
0,0,0,21,86.58,1,0
0,0,1,2,3791.69,2,1
0,0,0,14,321.35,0,0
0,0,1,12,219.94,1,0
0,0,1,15,423.89,1,0
0,0,1,1,2963.62,2,1
0,0,1,10,415.96,0,0
0,0,0,12,430.02,1,0
0,0,0,18,232.66,1,0
1,0,1,0,4723.38,3,1
0,0,0,21,390.38,1,0
1,0,0,0,2268.97,2,1
1,0,1,1,4235.68,7,1
0,0,0,19,27.61,1,0
1,0,1,0,3124.64,7,1
0,0,0,19,204.87,0,0
1,0,1,4,1093.84,7,1
1,0,1,1,1929.0,5,1
0,0,0,20,316.96,0,0
1,0,1,2,2489.48,4,1
0,0,0,12,404.66,0,0
0,0,0,9,210.14,1,0
0,0,1,4,1609.34,7,1
0,0,0,14,64.46,1,0
0,0,0,11,61.74,0,0
1,0,1,1,865.53,3,1
0,0,0,10,293.13,0,0
0,0,0,17,219.47,1,0
0,0,1,18,146.68,0,0
0,0,0,8,446.06,1,0
1,0,0,3,2802.37,4,1
0,0,0,1,3544.18,2,1
0,1,1,11,145.2,0,0
1,0,1,3,3435.06,6,1
0,0,0,18,369.73,1,0
1,0,1,0,3302.3,2,1
1,0,0,19,364.88,1,0
0,0,1,19,300.09,1,0
0,0,1,9,72.47,1,0
0,0,0,11,366.15,0,0
0,0,0,11,311.1,1,0
1,0,0,11,169.65,0,0
1,0,0,20,420.26,0,0
0,0,0,19,328.4,0,0
0,0,0,18,10.02,0,0
0,0,1,15,448.26,1,0
0,0,0,13,336.47,0,0
0,0,0,14,49.71,0,0
0,0,0,10,446.75,0,0
0,0,0,20,431.18,1,0
0,0,1,18,68.59,1,0
0,0,0,13,55.33,0,0
1,1,1,3,4324.82,4,1
0,0,0,14,296.93,1,0
0,0,0,14,124.53,1,0
0,0,0,13,133.63,1,0
0,0,0,11,367.81,1,0
0,0,0,4,2017.86,4,1
1,0,1,16,418.27,1,0
0,0,0,21,160.55,1,0
0,0,0,16,195.14,1,0
0,0,1,19,498.9,1,0
0,0,1,23,500.84,4,1
0,0,1,14,213.33,0,0
0,0,0,14,267.38,1,0
0,0,0,9,28.66,1,0
0,0,0,16,58.31,1,0
0,0,1,18,300.46,0,0
0,0,0,18,192.06,0,0
0,0,1,4,860.84,4,1
0,0,0,14,342.46,0,0
0,0,0,15,402.83,0,0
0,0,0,8,83.08,1,0
1,0,1,14,121.08,0,0
1,0,1,0,3197.58,4,1
0,0,0,17,226.16,0,0
0,0,0,19,468.34,1,0
0,0,0,21,90.67,1,0
0,0,0,12,306.14,1,0
0,0,0,14,226.5,0,0
1,1,1,1,4346.63,6,1
0,0,1,11,13.59,0,0
1,0,0,2,4819.06,2,1
0,0,0,8,326.33,0,0
0,0,0,9,93.24,0,0
0,0,0,14,494.86,0,0
1,0,1,19,47.61,1,0
1,0,0,2,3438.38,5,1
0,0,0,15,279.43,1,0
0,0,1,13,312.59,1,0
0,0,0,20,147.49,0,0
0,0,0,21,417.01,1,0
0,0,0,15,401.59,1,0
0,0,0,19,404.04,0,0
0,0,1,2,3540.93,7,1
0,0,0,19,497.1,1,0
0,0,0,23,1437.42,4,1
0,0,0,18,181.43,0,0
1,0,1,1,3840.22,4,1
0,0,0,16,374.92,0,0
0,0,0,14,165.48,1,0
0,0,0,9,213.6,0,0
0,0,0,15,73.01,0,0
0,0,0,20,71.43,0,0
0,0,0,18,298.17,1,0
0,0,0,10,135.31,1,0
1,1,1,1,2998.1,7,1
0,0,0,17,388.61,0,0
0,0,0,11,328.2,0,0
0,0,0,16,444.22,0,0
0,0,0,11,498.51,1,0
0,0,0,16,77.44,0,0
0,0,0,19,184.72,1,0
0,0,0,14,313.98,1,0
0,0,0,14,84.17,0,0
0,0,0,20,219.81,1,0
0,0,0,13,163.5,0,0
0,0,0,15,414.35,0,0
0,0,0,13,324.37,1,0
0,0,1,15,50.38,1,0
0,0,0,18,394.69,1,0
1,0,1,1,2752.61,4,1
0,0,0,13,12.52,0,0
0,0,0,15,436.91,1,0
0,0,0,15,342.08,1,0
0,0,0,8,242.98,1,0
1,0,1,3,2308.07,6,1
0,0,0,10,357.6,1,0
0,0,0,8,159.08,1,0
1,0,1,23,3556.23,5,1
0,0,0,9,390.0,1,0
0,0,0,9,190.88,1,0
0,0,0,14,257.71,0,0
0,0,0,12,334.94,1,0
0,0,0,12,411.92,1,0
0,0,1,11,261.31,1,0
0,0,0,10,36.82,1,0
0,0,0,13,423.5,1,0
0,0,0,14,465.12,0,0
0,0,1,18,314.45,1,0
0,0,1,9,36.38,1,0
0,0,0,8,227.65,0,0
0,0,0,21,391.24,1,0
0,0,1,1,4021.25,5,1
0,0,0,21,430.79,0,0
0,0,0,15,43.64,1,0
0,0,1,10,219.8,0,0
0,0,0,11,405.85,0,0
0,0,1,14,496.95,1,0
0,0,1,15,148.97,0,0
0,1,0,2,850.35,4,1
0,0,0,13,16.48,1,0
0,0,1,4,4913.57,6,1
0,0,0,21,228.27,1,0
0,0,0,13,330.82,0,0
0,0,1,9,118.05,0,0
1,0,0,1,693.95,6,1
0,0,0,17,63.25,0,0
0,0,0,10,104.09,1,0
0,0,0,9,462.8,0,0
0,0,0,14,414.16,1,0
0,0,0,17,286.55,1,0
0,0,0,8,104.65,0,0
0,0,0,16,345.1,1,0
1,0,0,1,891.82,2,1
1,1,1,23,527.21,2,1
0,0,1,9,483.26,1,0
0,0,0,17,271.93,1,0
0,0,0,21,382.31,0,0
1,0,1,0,1913.2,4,1
0,0,0,16,348.79,1,0
0,0,0,17,281.24,1,0
0,0,0,14,418.14,1,0
0,0,0,15,424.07,1,0
1,0,0,15,376.99,1,0
0,0,0,17,109.99,0,0
1,0,1,11,360.41,0,0
0,0,0,8,356.57,1,0
0,0,0,15,29.24,0,0
0,0,1,9,85.04,0,0
0,0,0,21,291.05,1,0
0,0,0,9,170.64,0,0
0,0,0,10,176.6,0,0
0,0,0,10,91.09,0,0
0,0,0,17,30.33,0,0
0,0,0,14,477.03,1,0
0,0,0,17,365.78,0,0
0,0,1,17,91.47,1,0
0,0,1,19,383.48,1,0
1,0,1,1,2335.5,3,1
0,0,0,15,389.47,1,0
0,0,0,12,77.05,1,0
0,0,0,13,419.84,0,0
0,0,1,8,315.52,1,0
0,0,0,12,147.86,0,0
0,0,1,19,127.51,0,0
0,0,0,16,68.41,1,0
0,0,0,14,224.57,0,0
0,0,0,10,293.03,1,0
0,0,0,12,58.75,1,0
0,0,0,20,353.42,1,0
0,0,0,18,148.14,0,0
1,1,1,2,1240.7,7,1
0,0,0,17,378.37,1,0
0,0,1,0,3574.01,3,1
0,0,0,16,209.14,0,0
0,0,0,21,161.75,1,0
0,0,0,11,380.66,0,0
0,0,0,12,239.59,0,0
0,0,0,21,386.84,1,0
0,0,1,17,410.16,1,0
1,0,1,3,1043.36,3,1
0,0,0,21,58.62,1,0
0,0,0,10,110.35,0,0
0,0,0,17,159.2,1,0
1,0,0,9,402.9,0,0
0,0,0,16,169.85,0,0
0,0,0,19,121.88,1,0
0,0,0,8,205.99,0,0
0,0,1,21,335.72,1,0
1,0,1,23,1089.76,7,1
1,0,1,2,4594.69,5,1
0,0,0,21,199.16,1,0
0,0,0,19,43.69,0,0
1,0,1,0,779.92,5,1
0,0,0,10,159.4,1,0
1,0,0,1,542.95,6,1
0,0,0,17,171.32,0,0
0,0,0,10,265.56,0,0
0,0,1,16,33.06,1,0
1,0,1,0,4025.76,2,1
1,0,0,23,1628.93,7,1
0,0,0,15,466.19,1,0
0,0,1,9,168.92,0,0
0,0,1,12,202.21,1,0
1,0,1,1,891.35,6,1
0,0,0,8,455.7,0,0
0,0,0,17,480.77,1,0
1,0,0,10,369.25,0,0
0,0,0,15,92.89,1,0
1,0,1,1,966.9,6,1
0,0,0,15,410.42,0,0
0,0,0,15,174.56,0,0
0,0,0,8,377.79,1,0
1,0,0,9,423.95,1,0
0,0,0,19,230.55,0,0
0,0,0,16,434.86,1,0
1,0,1,3,4268.52,2,1
0,0,0,11,122.86,0,0
1,0,1,2,1943.3,3,1
0,0,0,2,3384.61,2,1
0,0,0,14,253.06,1,0
1,0,1,4,636.59,3,1
0,0,0,10,45.61,1,0
0,0,0,17,151.97,0,0
0,0,1,20,189.67,1,0
0,0,0,12,43.34,1,0
0,0,1,21,423.98,0,0
0,0,0,9,14.82,1,0
0,0,0,18,407.7,0,0
0,0,0,20,120.33,0,0
0,0,0,13,288.45,0,0
1,0,0,0,2960.97,5,1
0,0,0,9,465.53,0,0
0,0,0,14,156.0,0,0
0,0,0,9,450.87,1,0
1,0,1,3,2562.64,6,1
1,1,1,1,2954.43,3,1
0,0,1,13,81.3,1,0
0,0,0,19,435.32,0,0
0,0,0,17,136.16,1,0
0,0,0,12,419.14,1,0
0,0,0,17,177.07,1,0
0,0,0,13,351.38,0,0
0,0,1,11,412.7,1,0
0,0,0,8,456.79,1,0
0,0,1,20,235.08,0,0
0,0,0,9,162.71,1,0
0,0,0,12,184.09,0,0
0,0,1,12,71.37,0,0
1,1,0,23,4923.79,4,1
1,0,1,2,4274.78,4,1
0,0,0,15,456.45,0,0
1,0,1,3,2871.73,2,1
0,0,1,0,1329.12,7,1
0,0,0,13,109.4,0,0
0,0,0,17,225.96,0,0
0,0,0,14,347.81,0,0
1,0,0,23,3327.56,5,1
0,0,0,12,392.92,1,0
0,0,0,15,150.21,0,0
1,1,0,1,4050.17,4,1
0,0,0,15,80.68,0,0
0,0,0,10,124.11,1,0
0,0,0,11,229.51,0,0
1,0,0,0,4248.65,4,1
0,0,0,9,454.42,0,0
0,0,0,20,157.78,1,0
0,0,1,2,2809.67,6,1
1,0,1,0,1250.82,5,1
0,0,0,9,341.79,1,0
1,1,1,2,2797.34,4,1
0,0,0,21,238.84,0,0
0,0,0,10,119.57,0,0
0,0,0,14,48.37,0,0
0,0,0,20,127.27,0,0
0,0,0,20,89.65,0,0
0,0,0,9,234.29,0,0
0,0,0,21,95.24,1,0
0,1,0,23,1451.44,5,1
0,0,1,9,399.6,1,0
0,0,0,10,59.08,1,0
0,0,1,9,490.88,1,0
0,0,1,14,147.92,0,0
1,0,0,1,1876.53,6,1
0,0,0,16,378.9,1,0
1,0,0,2,4172.26,6,1
0,0,0,11,306.11,0,0
0,0,1,19,438.03,0,0
0,0,0,9,89.63,0,0
1,0,1,0,3604.06,4,1
1,0,1,0,2402.09,2,1
0,1,0,1,1300.48,6,1
0,0,0,20,24.29,0,0
0,0,0,20,497.87,1,0
0,0,0,9,231.05,1,0
0,0,1,21,130.45,1,0
0,0,0,21,276.04,0,0
0,0,0,17,391.21,0,0
1,0,0,23,1063.54,4,1
0,0,1,2,992.67,2,1
1,1,0,4,3530.39,6,1
0,0,0,15,200.8,1,0
0,0,0,19,111.33,0,0
0,0,1,1,531.91,7,1
0,0,0,16,25.44,0,0
0,0,0,16,66.72,0,0
0,0,0,20,339.45,0,0
0,0,0,1,4123.04,7,1
0,1,1,1,4842.18,7,1
0,0,0,16,16.87,0,0
1,0,1,23,4564.36,5,1
0,0,0,17,247.79,0,0
0,0,0,16,51.06,0,0
0,0,0,13,410.73,0,0
0,0,0,15,277.99,1,0
0,0,1,16,58.63,1,0
0,0,1,14,59.57,0,0
0,0,1,12,125.48,0,0
0,0,0,12,72.28,1,0
0,0,0,8,48.68,0,0
0,0,0,11,296.35,0,0
0,0,0,14,281.55,0,0
0,0,0,10,306.24,1,0
0,0,0,18,391.43,0,0
0,0,0,17,152.28,1,0
0,0,0,8,100.37,1,0
0,0,0,20,126.4,1,0
0,0,0,9,295.88,0,0
0,0,0,17,220.15,0,0
0,0,0,17,106.03,0,0
0,0,1,21,142.17,1,0
0,0,0,13,35.49,0,0
1,0,0,3,3773.91,4,1
1,0,0,2,848.68,3,1
0,0,1,18,402.89,0,0
0,0,1,9,92.38,1,0
1,0,1,3,1280.28,7,1
0,0,0,10,336.17,0,0
1,1,1,1,2700.28,2,1
0,0,0,15,316.66,1,0
0,0,1,19,93.7,0,0
0,0,0,21,485.36,1,0
1,0,1,18,81.36,0,0
1,0,1,3,1135.6,3,1
0,0,0,14,448.06,0,0
0,0,0,9,164.62,1,0
1,1,1,1,3977.78,2,1
0,0,1,12,401.24,0,0
0,0,1,12,69.47,1,0
1,0,1,0,2755.23,3,1
0,0,0,14,448.05,0,0
0,0,0,10,307.29,1,0
1,1,1,4,1792.24,4,1
1,0,1,3,4263.31,2,1
0,0,0,9,422.84,1,0
0,0,0,23,3518.89,3,1
0,0,0,13,188.64,0,0
0,0,0,8,359.67,0,0
0,0,0,17,231.59,1,0
0,0,0,9,441.81,1,0
0,0,1,15,20.63,0,0
0,0,0,15,187.8,0,0
0,0,0,20,145.99,1,0
1,0,1,3,3684.89,6,1
0,0,0,8,164.55,0,0
0,0,0,13,140.96,0,0
0,0,0,11,451.15,1,0
0,0,0,11,414.37,0,0
0,0,0,18,95.91,0,0
1,0,0,2,2561.92,6,1
0,0,0,9,240.2,0,0
0,0,0,8,416.8,1,0
0,0,0,16,29.31,0,0
0,0,1,20,269.73,0,0
0,0,0,21,373.89,0,0
0,0,0,8,349.77,1,0
0,0,0,19,429.91,0,0
0,0,0,10,266.13,1,0
0,0,1,19,110.56,0,0
0,0,0,16,370.27,0,0
0,0,1,13,297.51,0,0
0,0,1,2,3746.52,4,1
0,0,0,11,280.82,0,0
0,0,0,15,364.19,0,0
1,0,1,2,1796.74,5,1
0,0,0,21,304.3,1,0
0,0,0,19,348.64,1,0
0,0,1,19,184.74,1,0
0,0,0,13,400.26,0,0
0,0,1,13,377.31,1,0
0,0,1,13,65.07,1,0
0,0,0,19,42.24,0,0
0,0,1,15,211.55,0,0
0,0,1,17,422.14,0,0
0,0,0,4,3574.29,2,1
0,0,0,20,376.15,0,0
0,0,0,9,480.29,0,0
0,1,0,1,4287.27,3,1
0,0,0,16,132.68,1,0
0,0,0,13,404.43,0,0
0,0,0,8,256.36,1,0
0,0,0,8,14.16,1,0
1,0,1,1,4466.35,2,1
0,0,0,11,411.19,0,0
0,0,0,11,231.65,1,0
0,0,0,11,194.35,1,0
0,0,0,19,255.89,1,0
0,0,0,18,184.56,1,0
0,0,0,21,24.27,1,0
0,0,0,11,114.02,0,0
0,0,0,15,393.15,0,0
0,0,1,13,269.91,0,0
1,0,0,0,2328.65,7,1
0,0,0,13,349.51,1,0
0,0,0,20,267.09,1,0
1,0,1,2,3549.57,4,1
0,0,0,20,450.31,1,0
0,0,1,2,2339.35,3,1
0,0,0,17,367.41,0,0
0,0,0,14,159.82,1,0
0,0,1,8,326.72,1,0
0,0,0,15,266.35,1,0
0,0,0,10,18.65,0,0
1,0,0,18,111.82,1,0
0,0,0,17,373.03,0,0
0,0,0,15,375.24,1,0
0,0,0,11,277.09,1,0
0,0,0,9,413.63,0,0
1,0,1,2,3160.86,4,1
0,0,1,0,2018.12,6,1
0,0,1,18,467.39,1,0
1,0,1,4,2488.59,2,1
0,0,0,17,497.34,0,0
0,0,0,17,283.36,0,0
0,0,0,13,290.43,0,0
0,0,0,12,149.74,0,0
0,0,0,15,170.84,1,0
0,0,0,10,150.76,1,0
1,0,1,2,2985.45,5,1
0,0,0,21,426.78,1,0
0,0,1,12,239.02,0,0
0,0,1,9,37.98,0,0
0,0,0,8,372.34,1,0
0,0,1,8,336.6,1,0
0,0,0,16,302.83,1,0
0,0,0,13,124.71,1,0
1,0,1,23,900.54,6,1
0,0,0,13,313.37,0,0
0,0,0,9,51.85,0,0
0,0,0,13,45.15,1,0
0,0,0,13,170.23,0,0
0,0,0,15,455.41,0,0
0,0,0,16,98.03,1,0
1,0,0,1,1978.72,4,1
0,0,0,19,24.6,0,0
0,0,0,18,468.96,1,0
0,0,0,10,243.75,1,0
0,0,0,17,402.75,1,0
0,0,1,10,138.63,0,0
0,0,0,21,213.87,0,0
0,0,1,4,3525.47,5,1
0,0,1,12,426.75,1,0
1,0,0,20,363.77,1,0
0,0,1,10,228.39,0,0
0,0,0,17,300.56,1,0
1,0,0,21,82.04,1,0
1,0,0,15,55.62,0,0
0,0,0,21,478.43,0,0
0,0,0,19,71.97,1,0
0,0,1,17,304.83,1,0
0,0,0,21,415.68,1,0
1,0,0,1,1965.66,2,1
0,0,0,20,473.98,0,0
0,0,0,16,233.26,1,0
0,0,0,8,190.66,0,0
0,0,1,19,341.19,0,0
0,0,0,14,20.32,1,0
0,0,0,13,372.61,1,0
0,0,0,18,369.02,1,0
0,0,0,11,321.71,0,0
0,0,0,12,432.85,0,0
0,0,0,21,48.38,0,0
1,0,0,15,416.42,0,0
0,0,1,8,233.01,1,0
0,0,0,19,223.93,0,0
1,1,1,0,1323.15,2,1
1,0,1,4,762.24,2,1
0,0,0,20,247.25,1,0
1,0,1,0,4975.67,2,1
0,0,0,12,419.43,1,0
0,0,0,21,479.92,1,0
1,0,1,2,4862.49,5,1
0,0,0,11,395.96,1,0
0,0,0,20,70.02,1,0
0,0,0,13,146.29,1,0
0,0,1,2,3937.83,7,1
0,0,0,20,389.38,0,0
0,1,0,3,3892.16,7,1
0,0,0,19,481.56,1,0
0,0,0,13,164.07,0,0
0,0,0,10,358.45,0,0
0,0,0,20,246.68,1,0
0,0,1,20,495.93,1,0
0,0,0,20,392.24,0,0
0,0,0,16,255.95,1,0
0,0,0,14,444.44,1,0
0,0,0,1,1109.83,3,1
0,1,1,2,3921.4,5,1
0,0,0,15,428.59,0,0
0,0,0,18,278.83,0,0
0,0,0,15,430.65,1,0
0,0,1,2,707.31,2,1
0,0,0,21,334.33,0,0
0,0,0,15,149.41,1,0
1,0,1,1,2481.0,4,1
0,0,0,11,491.25,1,0
0,0,0,13,210.31,1,0
0,0,0,21,228.36,1,0
0,0,1,17,438.75,1,0
0,0,0,16,36.25,0,0
0,0,0,15,475.42,1,0
0,0,1,16,324.96,1,0
0,0,0,9,402.79,0,0
0,0,1,11,135.77,0,0
0,0,0,8,158.61,0,0
1,0,1,0,1943.3,2,1
0,0,0,21,408.57,1,0
0,0,0,16,102.31,0,0
0,0,1,18,105.58,0,0
0,0,0,8,261.16,1,0
1,0,0,2,3405.92,4,1
0,0,0,17,96.28,1,0
0,0,1,2,4323.2,2,1
0,0,0,18,340.35,1,0
0,0,0,15,268.38,1,0
0,0,0,13,493.68,0,0
0,0,0,18,150.27,1,0
0,0,0,21,146.33,0,0
0,0,0,16,42.14,0,0
1,0,1,2,2730.61,2,1
0,0,0,12,159.37,1,0
0,0,1,17,311.96,0,0
0,0,0,11,268.3,1,0
0,0,0,10,99.87,1,0
1,0,0,20,12.67,1,0
1,1,1,3,2028.47,4,1
0,0,0,12,447.38,1,0
0,0,0,19,492.03,1,0
0,0,0,16,29.66,1,0
0,0,0,13,352.11,0,0
1,0,0,21,352.43,1,0
1,0,0,9,36.56,0,0
0,0,0,8,408.44,1,0
0,0,0,20,93.43,1,0
0,0,0,19,476.81,0,0
0,0,1,9,120.37,0,0
0,0,0,11,119.94,0,0
1,0,0,1,1576.45,3,1
0,0,0,15,466.23,0,0
0,0,0,14,143.4,0,0
1,0,0,3,4050.68,5,1
0,0,0,10,299.55,1,0
0,0,0,11,416.53,0,0
1,0,0,2,1648.55,2,1
1,0,0,3,3487.06,2,1
0,0,0,16,412.11,1,0
0,0,0,1,2354.43,5,1
0,0,0,10,203.23,0,0
0,0,0,9,414.07,0,0
1,0,0,4,1029.01,4,1
0,0,0,14,337.33,1,0
0,0,0,14,102.07,1,0
0,0,0,16,421.9,1,0
0,0,0,18,224.64,1,0
0,0,0,13,328.8,1,0
1,1,1,0,2872.94,7,1
0,0,0,20,73.09,0,0
1,0,1,1,1241.23,2,1
0,0,0,15,19.83,0,0
0,0,0,3,3512.23,6,1
0,0,0,1,1924.69,7,1
0,0,0,20,387.19,0,0
0,0,0,17,377.16,0,0
0,0,0,11,311.3,1,0
0,0,0,19,160.06,0,0
0,0,0,18,468.64,0,0
0,0,0,20,498.37,0,0
1,0,0,1,529.36,7,1
0,0,0,19,146.94,1,0
0,1,0,2,4934.86,3,1
0,0,0,9,78.46,1,0
0,0,0,13,79.15,1,0
0,0,0,17,112.24,1,0
0,0,1,15,494.97,1,0
0,0,0,8,73.03,1,0
0,0,0,20,338.15,0,0
0,0,0,15,292.81,0,0
0,0,0,14,421.8,0,0
0,0,0,12,173.77,0,0
0,0,0,17,233.2,1,0
0,0,0,14,177.55,1,0
0,0,0,8,220.15,0,0
0,0,0,16,124.45,1,0
0,0,0,19,196.8,0,0
0,0,1,16,213.45,0,0
1,1,1,1,4732.42,6,1
1,0,1,3,3005.3,4,1
0,0,0,16,208.56,1,0
0,0,0,8,111.66,1,0
0,0,0,17,367.7,0,0
0,0,0,9,68.05,1,0
1,1,0,2,1108.59,3,1
0,0,0,17,152.04,1,0
1,0,0,0,2056.23,2,1
0,1,0,4,2909.85,7,1
1,1,1,2,3860.02,3,1
0,0,0,18,473.03,0,0
0,0,0,11,356.81,0,0
0,0,0,11,209.9,0,0
0,0,1,10,161.68,1,0
0,0,0,13,368.9,0,0
1,1,1,0,1011.93,5,1
1,0,1,1,1913.49,4,1
0,0,0,21,366.81,0,0
0,0,1,20,296.78,1,0
1,0,0,16,90.32,0,0
0,0,0,10,146.65,1,0
1,0,0,4,4611.94,5,1
0,0,0,15,73.2,1,0
0,0,0,20,215.96,1,0
0,0,1,17,262.96,0,0
0,0,0,13,108.17,0,0
0,0,0,20,394.14,0,0
0,0,0,12,144.27,1,0
0,0,0,14,455.13,1,0
0,0,0,15,288.55,1,0
0,1,1,0,3527.85,2,1
0,0,0,9,403.6,1,0
0,0,0,11,298.69,0,0
0,0,0,15,412.61,0,0
0,0,1,12,58.49,1,0
0,0,1,8,141.46,1,0
0,0,0,10,241.09,1,0
1,1,0,3,4106.17,2,1
0,0,0,14,319.57,1,0
0,0,0,9,245.75,0,0
0,0,1,8,369.03,0,0
0,0,0,17,191.17,0,0
0,0,0,16,344.7,1,0
0,0,0,13,432.71,1,0
0,0,0,10,50.69,0,0
0,0,0,19,200.54,1,0
0,0,0,11,373.73,0,0
0,0,1,21,210.04,0,0
0,0,0,9,494.78,0,0
1,1,1,0,4701.27,6,1
1,0,1,2,4057.71,7,1
1,0,1,1,1041.22,3,1
1,0,0,13,158.82,1,0
0,0,0,11,60.54,1,0
1,0,0,0,3550.53,4,1
0,0,0,21,187.96,0,0
0,0,0,19,403.25,1,0
0,0,0,8,367.95,0,0
0,1,1,1,2031.98,5,1
1,0,1,1,4430.26,2,1
0,0,0,15,341.88,0,0
0,0,1,8,469.11,0,0
0,0,0,16,159.65,1,0
0,0,0,19,195.94,1,0
1,0,0,23,4119.37,3,1
0,0,1,1,1066.11,7,1
1,0,0,20,299.31,1,0
0,0,1,13,84.8,0,0
0,0,0,12,186.36,0,0
0,0,0,19,360.91,1,0
0,0,0,15,73.71,1,0
0,0,0,19,166.74,1,0
0,0,0,13,409.59,0,0
1,0,0,2,2401.01,2,1
0,0,1,10,171.4,1,0
0,0,0,19,260.09,1,0
0,0,0,19,422.31,0,0
0,0,1,17,136.93,1,0
0,0,0,10,175.5,0,0
0,0,0,17,306.5,1,0
0,0,0,18,61.64,0,0
0,0,1,10,339.54,1,0
0,0,0,13,220.05,0,0
0,0,0,18,174.32,0,0
0,0,0,14,16.09,0,0
0,0,0,19,223.79,1,0
0,0,1,1,1768.68,6,1
0,0,0,11,15.07,0,0
0,0,0,21,229.93,0,0
1,0,0,2,2246.6,3,1
0,0,0,20,93.63,0,0
0,0,1,3,1811.68,5,1
1,1,0,3,4046.72,4,1
0,0,0,12,254.53,1,0
0,0,0,13,11.82,0,0
1,0,1,23,3975.85,4,1
1,0,1,4,1174.38,6,1
0,0,0,17,161.54,0,0
1,0,1,13,297.97,1,0
0,0,0,11,20.85,0,0
0,0,1,19,213.95,0,0
0,0,0,8,394.98,0,0
0,0,0,15,79.39,0,0
0,1,0,3,3915.0,7,1
0,0,0,18,309.56,0,0
1,1,1,0,4429.64,6,1
0,0,0,20,11.48,0,0
1,0,1,0,3938.17,2,1
0,0,1,15,471.16,1,0
0,0,1,0,1922.47,5,1
0,0,0,18,369.33,0,0
1,0,0,4,2534.4,3,1
1,0,1,1,2104.15,6,1
0,0,0,17,248.91,1,0
0,0,0,14,56.5,0,0
0,0,0,20,149.83,0,0
0,0,0,21,431.07,1,0
0,0,0,19,66.6,1,0
0,0,0,21,496.49,1,0
1,0,0,0,4538.39,6,1
0,0,1,11,450.96,0,0
0,0,0,9,147.55,1,0
1,1,1,0,1714.88,4,1
0,0,0,14,438.05,0,0
0,0,1,13,207.42,0,0
1,0,1,8,265.06,0,0
1,0,0,4,2694.73,7,1
0,0,0,14,456.4,0,0
0,0,0,17,57.88,0,0
0,0,0,10,425.72,1,0
0,0,0,15,346.51,0,0
0,0,0,10,406.4,0,0
0,0,0,15,218.25,0,0
0,0,0,14,298.41,1,0
0,0,0,21,64.93,0,0
0,0,0,20,247.71,0,0
1,0,0,17,16.41,0,0
1,0,0,0,2739.42,3,1
1,0,1,0,2294.79,5,1
0,0,0,9,296.89,1,0
0,0,0,17,332.56,1,0
1,1,1,0,4610.8,5,1
0,0,0,16,327.59,1,0
0,0,1,15,322.47,1,0
0,0,0,15,41.29,1,0
0,0,0,12,353.37,1,0
0,0,0,11,114.73,1,0
0,0,0,11,199.07,0,0
0,0,0,19,88.56,1,0
0,0,0,11,382.72,0,0
1,0,1,1,1281.07,4,1
0,0,0,13,251.02,0,0
0,1,1,2,815.53,6,1
1,1,1,1,3003.06,5,1
0,0,1,21,388.71,1,0
0,0,0,20,287.56,1,0
1,1,1,1,4840.8,7,1
0,0,1,11,258.32,0,0
0,0,1,0,2984.72,5,1
0,0,1,20,306.62,0,0
0,0,0,12,382.12,0,0
0,0,0,15,45.45,1,0
1,0,1,4,3125.4,4,1
0,0,0,14,161.3,0,0
0,0,0,9,284.31,0,0
1,0,0,9,496.2,1,0
0,0,1,3,2668.27,7,1
0,0,1,21,257.81,1,0
0,0,0,12,214.82,0,0
0,0,0,19,339.04,0,0
0,0,0,20,410.53,0,0
1,0,0,17,13.56,1,0
0,0,0,9,95.58,1,0
1,0,0,21,471.69,0,0
0,0,0,11,188.14,1,0
0,0,0,17,219.78,0,0
0,0,1,8,261.9,1,0
0,0,0,18,311.46,1,0
0,1,0,16,70.5,1,0
1,0,1,1,1163.98,5,1
0,0,1,2,2255.3,4,1
0,0,0,12,466.1,1,0
0,0,0,9,286.76,0,0
1,0,0,17,428.05,1,0
1,0,0,4,4116.36,2,1
0,0,1,20,307.78,1,0
1,0,1,3,3396.97,5,1
0,0,0,19,351.29,1,0
0,0,0,20,109.82,0,0
0,0,0,20,489.08,0,0
1,0,0,8,223.66,1,0
0,0,0,12,293.97,1,0
0,0,0,21,46.38,0,0
0,0,0,10,437.06,0,0
0,0,0,15,66.12,0,0
1,1,1,2,597.82,3,1
0,0,0,17,492.48,1,0
0,0,0,10,250.02,0,0
0,0,0,14,64.68,1,0
0,0,0,13,358.45,1,0
0,0,0,19,371.13,1,0
0,0,1,16,430.25,0,0
0,0,0,14,362.04,1,0
0,0,0,20,172.09,0,0
0,0,0,19,120.68,0,0
1,0,0,15,261.48,0,0
0,0,0,9,292.44,1,0
1,1,1,23,4098.55,7,1
0,0,0,14,127.06,1,0
0,0,0,15,279.8,0,0
0,0,0,8,447.57,0,0
0,0,0,8,272.21,1,0
0,0,0,17,242.79,1,0
0,0,0,12,25.37,0,0
0,0,0,20,418.73,0,0
0,0,0,20,162.1,0,0
0,0,0,16,63.03,1,0
0,0,0,8,272.1,1,0
0,0,0,19,387.61,0,0
0,0,0,15,14.2,0,0
0,0,0,9,235.15,1,0
1,0,0,11,17.67,1,0
0,0,0,21,480.36,0,0
0,0,1,15,243.41,0,0
0,0,0,10,295.68,0,0
0,1,0,18,171.41,1,0
0,0,0,17,298.74,0,0
0,0,0,18,446.25,1,0
0,0,0,14,232.51,1,0
0,0,0,18,348.08,1,0
0,0,1,1,2515.89,6,1
0,0,1,19,361.32,0,0
0,0,0,10,494.86,1,0
1,0,1,3,4148.24,4,1
0,0,0,17,341.96,0,0
0,0,0,11,325.89,0,0
1,0,0,3,896.57,3,1
0,0,0,11,399.66,0,0
0,0,0,16,318.66,1,0
0,0,0,12,424.8,1,0
1,0,1,4,2287.59,5,1
0,0,0,11,305.06,0,0
0,0,0,9,311.95,1,0
0,0,0,13,423.36,1,0
0,0,0,18,269.76,1,0
0,0,0,9,350.68,0,0
0,0,0,17,133.07,0,0
0,0,0,18,180.39,0,0
0,0,0,18,89.7,1,0
0,0,0,12,105.06,1,0
0,0,1,3,2494.31,3,1
0,1,1,3,2342.52,3,1
1,1,0,3,3265.89,5,1
0,0,0,12,475.07,0,0
0,0,0,21,14.53,0,0
1,0,1,4,549.63,3,1
1,1,1,2,890.88,7,1
0,0,0,20,324.28,1,0
0,0,0,14,311.89,1,0
0,0,0,19,283.77,1,0
0,0,0,18,499.75,1,0
0,0,1,21,199.05,0,0
0,0,1,16,285.69,1,0
0,0,0,13,224.6,1,0
0,0,0,8,495.19,1,0
1,0,0,11,136.75,1,0
0,0,0,13,365.3,1,0
0,0,0,14,441.32,0,0
0,0,0,16,404.12,0,0
1,1,1,2,3369.49,5,1
1,1,1,2,2728.93,3,1
1,0,1,23,4911.86,2,1
0,0,0,13,297.88,1,0
0,0,0,8,117.18,1,0
0,0,0,17,250.42,0,0
0,0,0,19,489.68,1,0
0,0,0,20,121.42,0,0
0,0,0,14,44.95,0,0
1,0,1,1,983.13,7,1
0,0,0,18,369.35,1,0
0,0,0,17,351.57,0,0
0,0,0,21,195.79,1,0
1,0,1,1,4423.09,3,1
0,0,0,8,133.61,0,0
0,0,1,12,85.17,1,0
0,0,0,15,333.3,1,0
1,0,1,1,2739.9,7,1
1,0,1,4,1525.29,6,1
0,0,0,14,371.24,0,0
0,0,0,9,431.52,1,0
0,0,0,21,45.04,1,0
0,0,0,13,124.44,1,0
0,0,1,18,457.57,1,0
0,1,1,0,2676.17,2,1
0,0,0,14,393.37,0,0
0,0,0,19,132.15,1,0
0,0,0,14,324.42,1,0
0,0,0,15,159.67,1,0
1,0,1,2,2817.88,4,1
0,0,0,19,43.69,0,0
0,0,1,21,411.74,0,0
0,0,0,8,419.43,0,0
1,0,0,1,4551.06,5,1
0,0,0,12,258.12,1,0
0,0,1,8,433.88,1,0
0,0,0,15,81.93,1,0
0,0,0,18,398.58,0,0
0,0,1,17,175.04,1,0
0,0,1,10,422.59,1,0
0,0,0,12,314.76,0,0
1,0,0,16,417.59,0,0
0,0,1,14,422.29,1,0
1,0,1,1,1592.22,2,1
1,0,1,3,3456.79,3,1
0,0,0,14,98.41,1,0
0,0,0,14,237.78,1,0
1,0,1,12,202.46,1,0
0,0,0,12,113.47,1,0
1,0,1,0,2696.44,5,1
0,0,0,11,126.09,0,0
0,0,0,17,159.36,0,0
0,0,1,21,25.71,1,0
0,0,0,10,255.84,1,0
0,0,0,10,490.19,0,0
0,0,0,15,132.1,1,0
0,1,1,4,1602.29,7,1
0,0,1,4,3562.72,5,1
0,0,0,9,31.29,0,0
0,0,0,13,435.98,1,0
0,0,0,8,284.19,1,0
0,1,0,15,26.91,0,0
1,0,1,1,3195.95,6,1
0,0,0,21,217.21,1,0
0,0,0,20,446.73,1,0
1,1,1,23,4107.86,3,1
0,0,0,19,432.48,0,0
1,1,1,23,2261.66,3,1
0,0,0,14,455.01,1,0
0,0,0,19,113.89,0,0
0,0,1,8,310.9,1,0
0,0,0,11,413.38,0,0
0,0,0,17,241.67,0,0
0,0,1,0,4266.6,6,1
0,0,0,19,240.44,0,0
0,0,0,19,227.0,0,0
0,0,0,20,395.47,0,0
0,0,0,20,303.86,1,0
0,0,0,9,466.92,0,0
0,0,0,14,70.88,1,0
0,0,0,10,169.15,1,0
0,0,0,8,240.84,0,0
0,0,0,16,204.77,1,0
0,0,0,18,243.55,0,0
0,0,1,16,444.18,1,0
0,0,0,15,13.41,1,0
0,0,0,14,455.56,1,0
1,0,1,2,1410.25,2,1
0,0,0,17,178.95,0,0
0,0,0,8,78.98,0,0
0,0,1,20,10.46,1,0
0,0,0,14,210.83,1,0
1,1,0,23,2916.15,3,1
1,1,1,3,3565.44,6,1
0,0,0,17,321.44,1,0
0,0,0,14,37.85,0,0
1,0,0,21,213.9,1,0
0,0,0,15,163.12,1,0
0,0,0,17,140.09,0,0
0,0,0,20,209.92,1,0
0,0,0,10,320.32,1,0
1,0,0,21,133.76,0,0
1,1,0,0,1622.19,7,1
0,0,0,21,17.63,0,0
0,0,0,11,70.42,1,0
1,0,1,2,643.36,7,1
0,0,1,19,445.21,1,0
0,0,0,13,252.35,1,0
0,0,0,8,74.25,0,0
0,0,0,18,26.49,0,0
0,0,0,9,20.38,0,0
0,0,1,9,347.92,0,0
0,0,0,19,132.72,1,0
0,0,0,16,76.75,1,0
1,0,1,2,3846.33,6,1
0,0,0,10,113.78,0,0
0,0,0,14,366.89,0,0
0,0,1,9,446.51,1,0
0,0,0,9,152.87,1,0
0,0,1,20,241.76,0,0
0,0,0,12,298.68,0,0
0,0,0,9,215.35,0,0
0,0,0,11,365.83,0,0
0,0,0,9,352.52,0,0
0,0,0,14,298.06,1,0
1,1,1,2,3710.56,4,1
1,0,0,17,186.56,1,0
0,0,1,18,30.2,0,0
0,0,0,17,498.54,0,0
0,0,1,12,90.38,1,0
0,0,1,20,292.75,1,0
0,0,0,13,132.98,0,0
0,0,0,9,359.6,0,0
0,0,0,19,155.8,0,0
0,0,0,9,281.8,0,0
0,0,0,21,217.01,1,0
1,0,1,2,4426.09,7,1
0,0,1,19,395.32,1,0
0,0,0,17,287.17,1,0
0,0,0,21,464.44,1,0
0,0,0,21,412.34,1,0
0,0,0,13,320.55,1,0
0,0,0,21,196.32,0,0
0,0,1,8,281.92,0,0
0,0,0,20,129.07,0,0
0,0,0,16,179.75,0,0
1,0,0,4,4488.69,2,1
0,0,0,10,257.61,1,0
0,0,0,16,87.84,0,0
0,0,0,18,308.99,0,0
0,0,1,11,469.61,1,0
0,0,0,13,101.83,1,0
0,0,0,20,168.57,0,0
0,0,0,16,338.47,0,0
0,0,0,18,80.63,0,0
0,0,0,15,139.93,0,0
0,0,0,9,304.09,0,0
0,0,0,20,80.98,1,0
1,0,1,23,4601.54,7,1
0,0,1,10,266.78,1,0
0,0,0,13,223.36,0,0
0,0,0,8,350.39,0,0
0,0,1,15,469.19,1,0
0,0,0,12,358.36,0,0
1,0,1,0,667.64,4,1
1,1,0,3,4467.71,6,1
0,0,0,20,226.82,0,0
0,0,0,20,355.91,1,0
0,0,1,21,384.48,0,0
0,0,1,19,381.81,0,0
0,0,0,16,54.26,0,0
0,0,1,8,385.97,0,0
0,0,0,10,88.05,0,0
0,0,0,11,259.85,0,0
1,0,0,15,479.54,1,0
0,0,0,20,464.98,1,0
0,0,0,11,453.92,1,0
0,0,0,8,195.64,1,0
0,0,0,8,167.3,0,0
0,0,0,10,323.41,0,0
0,0,0,9,37.79,1,0
1,0,0,2,1434.87,6,1
1,0,0,10,78.63,0,0
0,0,0,11,75.92,0,0
1,0,0,11,481.52,1,0
0,0,0,15,281.99,1,0
0,0,0,16,227.53,0,0
0,0,0,8,242.85,1,0
0,0,0,16,496.37,0,0
0,0,0,19,197.36,1,0
1,1,0,4,3716.65,2,1
0,0,1,17,130.19,0,0
0,0,0,8,98.94,0,0
0,0,0,15,149.79,0,0
1,1,0,0,2244.68,2,1
0,0,1,9,478.0,1,0
0,0,1,14,366.42,0,0
1,1,1,0,2159.96,4,1
0,0,1,14,150.73,1,0
0,1,1,23,3103.17,3,1
0,0,0,18,427.12,0,0
0,0,0,16,22.26,1,0
0,0,0,15,248.34,0,0
0,0,1,15,48.77,1,0
0,0,0,16,138.13,1,0
0,0,0,21,25.0,0,0
0,0,1,12,488.65,1,0
0,0,0,16,474.67,1,0
0,0,0,19,445.49,1,0
1,0,0,1,4815.7,6,1
0,0,1,21,123.81,0,0
0,0,0,12,356.56,0,0
1,0,1,4,936.28,3,1
0,0,0,14,53.4,1,0
1,0,0,1,2103.72,4,1
0,0,0,20,363.9,1,0
0,0,0,17,410.14,1,0
1,0,0,12,484.93,0,0
1,1,1,23,3087.29,7,1
0,0,0,17,266.12,0,0
0,0,0,23,741.33,3,1
0,0,0,20,282.83,0,0
0,0,0,15,176.37,0,0
0,0,0,9,379.22,1,0
0,0,0,14,147.63,1,0
0,0,0,21,466.76,0,0
0,0,0,10,350.33,0,0
0,0,0,20,55.03,1,0
0,0,0,17,115.81,0,0
0,0,0,11,331.56,1,0
0,0,0,20,122.7,0,0
0,0,0,10,47.6,1,0
1,0,1,23,3553.39,5,1
0,0,0,8,292.77,0,0
1,0,0,20,104.1,0,0
0,0,1,12,334.22,0,0
0,0,0,18,465.27,0,0
0,0,0,11,49.61,0,0
0,0,0,9,427.95,1,0
0,0,0,21,91.28,1,0
0,0,1,8,473.82,0,0
0,1,0,4,1926.34,7,1
0,0,0,20,206.12,0,0
1,0,0,12,402.67,0,0
0,0,0,15,464.09,0,0
0,0,0,8,299.71,0,0
0,0,0,21,341.27,0,0
1,0,1,2,4372.93,7,1
0,0,0,9,34.75,1,0
0,0,0,8,238.31,0,0
1,0,1,20,214.82,1,0
0,0,0,11,43.8,1,0
0,0,0,9,235.96,0,0
1,0,1,0,1100.22,2,1
0,0,0,8,469.2,0,0
0,0,0,20,408.42,0,0
0,0,0,9,270.85,1,0
0,0,0,11,16.5,0,0
0,0,0,20,226.51,1,0
0,0,0,9,61.57,0,0
0,0,1,21,113.59,0,0
0,0,0,11,143.55,1,0
1,0,1,2,3353.35,5,1
0,0,0,11,477.01,1,0
0,0,0,20,225.26,1,0
0,0,1,18,364.01,1,0
0,0,0,9,151.19,0,0
0,0,0,17,450.99,1,0
0,0,1,21,388.03,0,0
0,0,1,14,408.03,1,0
0,0,0,12,472.09,0,0
0,1,1,23,553.57,3,1
0,0,0,17,423.23,1,0
0,0,0,20,304.11,1,0
0,0,0,11,399.83,1,0
0,0,0,17,148.86,0,0
0,0,1,15,72.83,1,0
0,0,0,9,121.3,0,0
0,0,1,13,390.55,0,0
0,0,1,0,1737.75,6,1
0,0,0,10,42.16,1,0
1,0,1,1,4288.89,7,1
0,0,0,14,418.99,0,0
1,0,0,2,1757.49,4,1
0,0,0,20,388.92,0,0
0,0,0,18,361.76,0,0
1,0,0,16,194.65,0,0
1,0,0,18,224.78,0,0
0,0,0,21,271.12,0,0
1,1,1,1,1767.44,5,1
0,0,0,11,447.37,0,0
0,0,0,11,356.49,1,0
0,0,0,20,15.49,0,0
0,0,0,21,106.86,1,0
0,0,0,8,79.72,0,0
0,0,0,15,476.27,1,0
0,0,1,18,474.07,1,0
1,0,1,9,163.73,0,0
0,1,0,1,3599.83,5,1
0,0,0,18,299.25,0,0
0,0,0,19,402.38,0,0
0,0,0,13,364.98,1,0
1,0,0,0,997.44,7,1
1,1,1,4,4716.9,7,1
0,0,0,9,293.1,1,0
0,0,0,21,442.66,1,0
0,0,0,9,19.09,1,0
0,0,0,9,15.37,1,0
0,0,0,14,384.18,0,0
0,0,0,15,441.79,1,0
0,0,1,4,4304.02,3,1
1,1,1,2,1874.22,2,1
0,0,0,17,135.84,0,0
0,0,1,11,345.27,0,0
0,0,0,9,481.85,0,0
0,0,0,12,58.45,1,0
0,0,0,15,355.62,0,0
1,0,0,14,22.24,0,0
0,0,0,19,453.49,0,0
1,0,1,1,4691.35,6,1
1,1,0,0,1469.67,6,1
0,0,0,8,365.79,1,0
0,0,0,12,292.61,0,0
0,0,0,11,246.44,0,0
0,0,1,16,278.04,0,0
0,0,0,8,443.4,1,0
0,0,1,13,88.59,0,0
0,1,0,14,196.97,1,0
1,0,0,23,2314.53,6,1
0,0,0,21,64.18,1,0
0,0,1,13,451.6,1,0
0,0,0,14,301.11,1,0
0,0,1,19,230.81,1,0
1,0,0,14,98.34,0,0
0,0,0,12,431.86,0,0
0,0,0,20,436.19,1,0
1,0,1,0,4496.04,7,1
0,0,0,10,453.12,1,0
0,0,0,19,255.8,1,0
0,0,0,11,174.2,0,0
0,0,0,15,244.98,0,0
0,0,1,13,331.55,1,0
1,1,0,4,3361.44,4,1
1,0,0,1,1429.31,2,1
0,0,0,9,352.78,0,0
0,0,1,14,290.77,1,0
0,0,0,9,147.97,1,0
0,0,0,19,350.25,1,0
0,0,0,15,443.91,1,0
0,0,0,19,150.23,0,0
0,0,0,11,220.37,0,0
0,0,0,19,273.86,1,0
0,0,0,10,350.94,0,0
1,0,1,8,496.2,1,0
1,0,1,2,1482.21,3,1
0,0,0,18,237.29,1,0
0,0,0,12,289.66,1,0
0,0,0,10,464.32,0,0
0,0,0,17,179.33,0,0
0,0,1,8,303.52,1,0
1,0,1,1,3434.27,3,1
0,0,1,20,382.79,1,0
0,0,0,18,72.26,1,0
1,0,1,23,4123.62,6,1
0,0,0,18,386.6,0,0
0,0,0,13,447.35,0,0
0,0,0,11,379.69,0,0
0,0,0,13,472.69,1,0
0,0,0,14,229.28,0,0
0,0,1,12,401.26,1,0
0,0,0,12,30.81,0,0
0,0,0,11,355.16,1,0
0,0,0,21,324.37,0,0
0,0,0,8,437.29,0,0
1,0,0,1,1750.19,7,1
0,0,0,20,360.57,0,0
0,0,1,0,1582.41,3,1
0,0,0,20,461.84,1,0
0,0,0,17,128.7,1,0
1,0,0,4,4637.89,7,1
1,0,1,0,555.31,2,1
0,0,1,11,24.98,1,0
0,0,0,20,381.25,0,0
0,0,0,21,381.48,0,0
0,0,0,15,73.8,1,0
0,0,0,10,242.34,1,0
0,0,0,8,77.84,1,0
0,0,1,18,426.34,0,0
0,0,0,12,181.52,0,0
1,0,1,0,4530.74,5,1
0,0,0,20,214.55,0,0
0,0,0,15,15.4,1,0
0,0,0,9,494.7,0,0
1,1,0,3,1931.5,7,1
0,0,1,15,429.76,0,0
0,0,1,14,225.6,0,0
0,0,1,2,908.77,4,1
0,0,0,15,58.21,1,0
0,0,1,21,350.23,1,0
0,0,0,9,32.28,0,0
0,0,0,15,277.79,1,0
1,0,1,1,2242.2,5,1
0,0,1,11,239.26,0,0
0,0,0,13,201.95,1,0
0,0,1,14,59.22,0,0
0,0,1,13,438.1,0,0
0,0,0,10,128.74,0,0
1,1,0,2,4062.09,6,1
0,0,0,16,139.09,0,0
0,1,1,2,3096.15,6,1
0,0,0,18,350.99,1,0
0,0,0,18,33.92,0,0
0,0,0,9,324.86,0,0
0,0,1,11,496.76,0,0
0,0,0,14,450.58,1,0
0,0,0,17,18.49,1,0
0,0,0,10,25.58,0,0
0,0,0,9,43.45,1,0
0,0,0,0,2965.42,2,1
1,0,0,21,113.41,1,0
0,0,0,12,279.13,0,0
0,0,0,12,101.39,0,0
0,0,0,9,138.37,0,0
1,0,1,4,2469.27,3,1
1,0,1,4,4980.24,6,1
0,0,0,11,181.01,1,0
0,0,0,11,141.98,0,0
0,0,0,16,144.35,1,0
0,0,1,20,60.27,0,0
1,0,0,1,2539.21,2,1
1,1,1,2,2693.48,7,1
0,0,1,9,420.88,1,0
0,0,0,20,309.9,1,0
0,0,0,13,46.83,0,0
0,0,1,0,3224.88,2,1
1,0,1,2,827.07,4,1
0,0,1,12,300.7,1,0
0,0,0,15,404.79,0,0
0,0,0,20,73.92,1,0
0,0,0,10,123.97,0,0
0,0,0,17,227.01,1,0
1,0,1,0,2600.22,2,1
0,0,0,8,135.93,0,0
0,0,1,13,43.1,0,0
0,0,0,15,29.18,0,0
0,0,1,0,649.28,2,1
0,0,1,1,535.13,2,1
0,0,0,19,495.22,0,0
0,0,0,19,43.57,1,0
0,0,0,17,420.5,0,0
0,0,0,15,312.79,1,0
0,0,0,13,493.01,1,0
0,0,1,10,445.07,1,0
0,0,0,17,353.96,0,0
0,0,0,21,178.81,0,0
0,0,0,11,338.05,1,0
0,0,0,12,236.38,0,0
0,1,0,16,483.39,0,0
1,1,0,4,1006.73,3,1
1,0,1,13,478.72,0,0
0,0,0,10,83.58,0,0
0,0,0,9,407.9,1,0
1,1,0,23,1516.21,2,1
0,0,0,17,81.19,1,0
0,0,0,16,308.26,0,0
0,0,0,23,4322.65,4,1
0,0,0,21,433.56,1,0
